<resources>

    <!-- Base application theme. -->
    <style name="AppTheme" parent="Theme.AppCompat.Light.DarkActionBar">
        <!-- Customize your theme here. -->
        <item name="colorPrimary">@color/colorPrimary</item>
        <item name="colorPrimaryDark">@color/colorPrimaryDark</item>
        <item name="colorAccent">@color/colorAccent</item>
    </style>

    <style name="MainButtonStyle">
        <!-- Customize your theme here. -->
        <item name="android:layout_width">0dp</item>
        <item name="android:layout_height">wrap_content</item>
        <item name="android:layout_weight">1</item>
        <item name="android:button">@null</item>
        <!--   <item name="android:drawablePadding">3dp</item>-->
        <item name="android:textColor">@drawable/bottom_button_text_selector</item>
        <item name="android:textSize">10sp</item>
        <item name="android:gravity">center</item>
    </style>

    <style name="TextStyle">
        <item name="android:layout_width">wrap_content</item>
        <item name="android:layout_height">wrap_content</item>
        <item name="android:drawablePadding">10dp</item>
        <item name="android:gravity">center</item>
        <item name="android:padding">10dp</item>
        <item name="android:textColor">#5d5d5d</item>
    </style>

    <!--  这个是加入的代码 -->
    <style name="mypopwindow_anim_style">
        <item name="android:windowEnterAnimation">@anim/popshow_anim</item>
        <!-- 指定显示的动画xml -->

        <item name="android:windowExitAnimation">@anim/pophidden_anim</item>
        <!-- 指定消失的动画xml -->
    </style>


</resources>
